<?xml version="1.0" encoding="ISO-8859-15"?>
<uc-export clientvers="10.0.7+build.401">
<PRPT client="0000" name="CSV2VARA#PRPT" system="UC4">
<HEADER state="1">
<Title>CSV2VARA promptset</Title>
<Created>Joel Wiesmann on: 2016-09-04 16:42:07</Created>
<Modified>Joel Wiesmann on: 2016-09-04 17:28:35      6 x</Modified>
<LastUsed/>
<ArchiveKey1/>
<ArchiveKey2/>
<OH_SubType/>
</HEADER>
<PROMPTDESIGNER state="1">
<DESIGNER/>
</PROMPTDESIGNER>
<PROMPTSETXUI state="1">
<XUIEDITOR><![CDATA[<dialog height="236" icon="PRPT" id="PRPTS" left="0" top="0" width="375"><readpanel fill="b" id="PRPTBOX" nl="1" scroll="v" text="CSV2VARA"><properties><entry name="text">CSV2VARA</entry><entry name="modifiable">0</entry></properties><text alt="1" enabled="1" fill="b" focus="0" id="P_AGENTs.00" inputassistance="0" len="" nl="1" regex="" required="0" separator=";" showaspassword="0" text="Agent" tooltip="" upper="0"><oninputassistant><command request="_internal" target="_view" targetaction="setAttribute" targetparam="promptname|@id"/><command request="_internal" target="_view" targetaction="setAttribute" targetparam="promptvalue|@value"/><command owner="_promptsetcontainer" owneraction="getData" request="getpromptinputassistance" target="_chainwindow"/></oninputassistant>
         
      <properties>
        <entry listparam="C,N" name="reference">UC_DATATYPE_STRING</entry>
        <entry name="text">Agent</entry>
        <entry name="multiselect">0</entry>
        <entry name="separator">;</entry>
        <entry name="len"/>
        <entry name="quotes"/>
        <entry name="id">P_AGENTs.00</entry>
        <entry name="regex"/>
        <entry name="inputassistance">0</entry>
        <entry name="enabled">0</entry>
        <entry name="required">1</entry>
        <entry name="upper">1</entry>
        <entry name="focus">0</entry>
        <entry name="showaspassword">0</entry>
        <entry name="tooltip"/>
        <entry name="modifiable">1</entry>
        <entry name="customfield"/>
      <entry name="initvalue"/>
         </properties>
    </text><text alt="1" enabled="1" fill="b" focus="0" id="P_LOGINs.00" inputassistance="0" len="" nl="1" regex="" required="0" separator=";" showaspassword="0" text="Login" tooltip="" upper="0"><oninputassistant><command request="_internal" target="_view" targetaction="setAttribute" targetparam="promptname|@id"/><command request="_internal" target="_view" targetaction="setAttribute" targetparam="promptvalue|@value"/><command owner="_promptsetcontainer" owneraction="getData" request="getpromptinputassistance" target="_chainwindow"/></oninputassistant>
         
      <properties>
        <entry listparam="C,N" name="reference">UC_DATATYPE_STRING</entry>
        <entry name="text">Login</entry>
        <entry name="multiselect">0</entry>
        <entry name="separator">;</entry>
        <entry name="len"/>
        <entry name="quotes"/>
        <entry name="id">P_LOGINs.00</entry>
        <entry name="regex"/>
        <entry name="inputassistance">0</entry>
        <entry name="enabled">0</entry>
        <entry name="required">0</entry>
        <entry name="upper">1</entry>
        <entry name="focus">0</entry>
        <entry name="showaspassword">0</entry>
        <entry name="tooltip"/>
        <entry name="modifiable">1</entry>
        <entry name="customfield"/>
      <entry name="initvalue"/>
         </properties>
    </text><text alt="1" enabled="1" fill="b" focus="0" id="P_VARAs.00" inputassistance="0" len="" nl="1" regex="" required="0" separator=";" showaspassword="0" text="VARA object" tooltip="" upper="1"><oninputassistant><command request="_internal" target="_view" targetaction="setAttribute" targetparam="promptname|@id"/><command request="_internal" target="_view" targetaction="setAttribute" targetparam="promptvalue|@value"/><command owner="_promptsetcontainer" owneraction="getData" request="getpromptinputassistance" target="_chainwindow"/></oninputassistant>
         
      <properties>
        <entry name="quotes"/>
        <entry name="customfield"/>
        <entry name="enabled">0</entry>
        <entry name="text">VARA object</entry>
        <entry name="inputassistance">0</entry>
        <entry name="len"/>
        <entry name="id">P_VARAs.00</entry>
        <entry listparam="C,N" name="reference">UC_DATATYPE_STRING</entry>
        <entry name="regex"/>
        <entry name="showaspassword">0</entry>
        <entry name="multiselect">0</entry>
        <entry name="separator">;</entry>
        <entry name="focus">0</entry>
        <entry name="required">1</entry>
        <entry name="tooltip"/>
        <entry name="initvalue"/>
        <entry name="upper">1</entry>
        <entry name="modifiable">1</entry>
      </properties>
    </text><text alt="1" enabled="1" fill="b" focus="0" id="P_FILEs.00" inputassistance="0" len="" nl="1" regex="" required="0" separator=";" showaspassword="0" text="File path / name" tooltip="" upper="0"><oninputassistant><command request="_internal" target="_view" targetaction="setAttribute" targetparam="promptname|@id"/><command request="_internal" target="_view" targetaction="setAttribute" targetparam="promptvalue|@value"/><command owner="_promptsetcontainer" owneraction="getData" request="getpromptinputassistance" target="_chainwindow"/></oninputassistant>
         
      <properties>
        <entry listparam="C,N" name="reference">UC_DATATYPE_STRING</entry>
        <entry name="text">File path / name</entry>
        <entry name="multiselect">0</entry>
        <entry name="separator">;</entry>
        <entry name="len"/>
        <entry name="quotes"/>
        <entry name="id">P_FILEs.00</entry>
        <entry name="regex"/>
        <entry name="inputassistance">0</entry>
        <entry name="enabled">0</entry>
        <entry name="required">1</entry>
        <entry name="upper">0</entry>
        <entry name="focus">0</entry>
        <entry name="showaspassword">0</entry>
        <entry name="tooltip"/>
        <entry name="modifiable">1</entry>
        <entry name="customfield"/>
      <entry name="initvalue"/>
         </properties>
    </text><text alt="1" enabled="1" fill="b" focus="0" id="P_DELIMITERs.00" inputassistance="0" len="" nl="1" regex="" required="0" separator=";" showaspassword="0" text="Delimiter" tooltip="" upper="0"><oninputassistant><command request="_internal" target="_view" targetaction="setAttribute" targetparam="promptname|@id"/><command request="_internal" target="_view" targetaction="setAttribute" targetparam="promptvalue|@value"/><command owner="_promptsetcontainer" owneraction="getData" request="getpromptinputassistance" target="_chainwindow"/></oninputassistant>
         
      <properties>
        <entry listparam="C,N" name="reference">UC_DATATYPE_STRING</entry>
        <entry name="text">Delimiter</entry>
        <entry name="multiselect">0</entry>
        <entry name="separator">;</entry>
        <entry name="len"/>
        <entry name="quotes"/>
        <entry name="id">P_DELIMITERs.00</entry>
        <entry name="regex"/>
        <entry name="inputassistance">0</entry>
        <entry name="enabled">0</entry>
        <entry name="required">0</entry>
        <entry name="upper">0</entry>
        <entry name="focus">0</entry>
        <entry name="showaspassword">0</entry>
        <entry name="tooltip"/>
        <entry name="modifiable">1</entry>
        <entry name="customfield"/>
      <entry name="initvalue"/>
         </properties>
    </text><dynradiogroup alt="1" enabled="1" fill="b" focus="" id="P_SKIP_HEADERs.00" nl="1" text="Skip header (1st line)" tooltip="" required="0">
      <properties>
        <entry listparam="C,N" name="reference">YESNO#VARA</entry>
        <entry name="text">Skip header (1st line)</entry>
        <entry name="quotes"/>
        <entry name="id">P_SKIP_HEADERs.00</entry>
        <entry name="enabled">0</entry>
        <entry name="focus">0</entry>
        <entry name="tooltip"/>
        <entry name="modifiable">1</entry>
        <entry name="customfield"/>
      <entry name="initvalue"/>
         </properties>
    </dynradiogroup><dynradiogroup alt="1" enabled="1" fill="b" focus="" id="P_CLEARVARAs.00" nl="1" text="Clear VARA b4 load" tooltip="" required="0">
      <properties>
        <entry listparam="C,N" name="reference">YESNO#VARA</entry>
        <entry name="text">Clear VARA b4 load</entry>
        <entry name="quotes"/>
        <entry name="id">P_CLEARVARAs.00</entry>
        <entry name="enabled">0</entry>
        <entry name="focus">0</entry>
        <entry name="tooltip"/>
        <entry name="modifiable">1</entry>
        <entry name="customfield"/>
      <entry name="initvalue"/>
         </properties>
    </dynradiogroup></readpanel></dialog>]]></XUIEDITOR>
</PROMPTSETXUI>
<PROMPTSETDATA state="1">
<DATAEDITOR><![CDATA[<PRPTS idnr="2268168" client="0000" system="UC4" ontop="1" src="oh"><PRPTBOX><P_AGENTs.00 haslist="0" msgnr="-1" msginsert="" altview="0" promptname="P_AGENT#" ReadFromTable="OPSE"></P_AGENTs.00><P_LOGINs.00 haslist="0" msgnr="-1" msginsert="" altview="0" promptname="P_LOGIN#" ReadFromTable="OPSE"></P_LOGINs.00><P_VARAs.00 haslist="0" msgnr="-1" msginsert="" altview="0" promptname="P_VARA#" ReadFromTable="OPSE"></P_VARAs.00><P_FILEs.00 haslist="0" msgnr="-1" msginsert="" altview="0" promptname="P_FILE#" ReadFromTable="OPSE"></P_FILEs.00><P_DELIMITERs.00 haslist="0" msgnr="-1" msginsert="" altview="0" promptname="P_DELIMITER#" ReadFromTable="OPSE">;</P_DELIMITERs.00><P_SKIP_HEADERs.00 haslist="0" msgnr="-1" msginsert="" altview="0" promptname="P_SKIP_HEADER#" ReadFromTable="OPSE">No</P_SKIP_HEADERs.00><P_CLEARVARAs.00 haslist="0" msgnr="-1" msginsert="" altview="0" promptname="P_CLEARVARA#" ReadFromTable="OPSE">No</P_CLEARVARAs.00></PRPTBOX></PRPTS>]]></DATAEDITOR>
</PROMPTSETDATA>
<DOCU_Docu state="1" type="text">
<DOC/>
</DOCU_Docu>
</PRPT>
<SCRI client="0000" name="CSV2VARA#SCRI" system="UC4">
<XHEADER state="1">
<Title>CSV2VARA</Title>
<Created>Joel Wiesmann on: 2016-09-04 16:42:07</Created>
<Modified>Joel Wiesmann on: 2016-09-04 17:16:44      10 x</Modified>
<LastUsed>Joel Wiesmann on: 2016-09-04 17:17:20      21 x</LastUsed>
<ArchiveKey1/>
<ArchiveKey2/>
<ExtRepDef>1</ExtRepDef>
<ExtRepAll>0</ExtRepAll>
<ExtRepNone>0</ExtRepNone>
<Active>1</Active>
<OH_SubType/>
</XHEADER>
<SYNCREF state="1">
<Syncs/>
</SYNCREF>
<ATTR_SCRI state="1">
<Queue>CLIENT_QUEUE</Queue>
<StartType/>
<IntAccount/>
<ActAtRun>1</ActAtRun>
<UC4Priority>0</UC4Priority>
<MaxParallel2>0</MaxParallel2>
<MpElse1>1</MpElse1>
<MpElse2>0</MpElse2>
<TZ/>
</ATTR_SCRI>
<RUNTIME state="1">
<MaxRetCode>0</MaxRetCode>
<MrcExecute/>
<MrcElseE>0</MrcElseE>
<FcstStatus>0| </FcstStatus>
<Ert>1</Ert>
<ErtMethodDef>1</ErtMethodDef>
<ErtMethodFix>0</ErtMethodFix>
<ErtFix>0</ErtFix>
<ErtDynMethod>2|Average</ErtDynMethod>
<ErtMethodDyn>0</ErtMethodDyn>
<ErtCnt>0</ErtCnt>
<ErtCorr>0</ErtCorr>
<ErtIgn>0</ErtIgn>
<ErtIgnFlg>0</ErtIgnFlg>
<ErtMinCnt>0</ErtMinCnt>
<MrtMethodNone>1</MrtMethodNone>
<MrtMethodFix>0</MrtMethodFix>
<MrtFix>0</MrtFix>
<MrtMethodErt>0</MrtMethodErt>
<MrtErt>0</MrtErt>
<MrtMethodDate>0</MrtMethodDate>
<MrtDays>0</MrtDays>
<MrtTime>00:00</MrtTime>
<MrtTZ/>
<SrtMethodNone>1</SrtMethodNone>
<SrtMethodFix>0</SrtMethodFix>
<SrtFix>0</SrtFix>
<SrtMethodErt>0</SrtMethodErt>
<SrtErt>0</SrtErt>
<MrtCancel>0</MrtCancel>
<MrtExecute>0</MrtExecute>
<MrtExecuteObj/>
</RUNTIME>
<DYNVALUES state="1">
<dyntree>
<node content="1" id="VALUE" name="Variables" parent="" type="VALUE">
<VALUE state="1">
<Values/>
<Mode>0</Mode>
</VALUE>
</node>
<node content="1" id="CSV2VARA#PRPT" name="CSV2VARA#PRPT" parent="PRPTS" type="PROMPTSET">
<PROMPTSET client="0000" idnr="0002268168" name="CSV2VARA#PRPT" ontop="1" src="oh" system="UC4">
<PRPTBOX promptset="CSV2VARA#PRPT" prptmode="1"/>
</PROMPTSET>
</node>
</dyntree>
</DYNVALUES>
<ROLLBACK state="1" tidy="1">
<RollbackFlag>0</RollbackFlag>
<CBackupObj/>
<CRollbackObj/>
<FBackupPath/>
<FDeleteBefore>0</FDeleteBefore>
<FInclSubDirs>0</FInclSubDirs>
</ROLLBACK>
<SCRIPT mode="1" state="1" tidy="0">
<MSCRI><![CDATA[! CSV2VARA 1.0 by Joel Wiesmann
! Distribution via https://marketplace.automic.com

! This SCRI imports a CSV file and converts it's content to a VARA.
! The options include to skip the CSV header or to clear the content
! of the VARA before the load takes place.

:PRINT
:PRINT "* CSV2VARA 1.0"
:PRINT "* * * * * * * * * * * * * * * * * * * * * *"
:PRINT "* Variable:   &P_VARA#"
:PRINT "* Clear:      &P_CLEARVARA#"
:PRINT "* Skipheader: &P_SKIP_HEADER#"
:PRINT "* Server:     &P_AGENT#"
:PRINT "* Login:      &P_LOGIN#"
:PRINT "* File:       &P_FILE#"
:PRINT "* * * * * * * * * * * * * * * * * * * * * *"

! Verify VARA type and existance
:SET &L_TYPE# = GET_OBJECT_TYPE(&P_VARA#)
:IF &L_TYPE# NE "VARA"
:  PRINT "! &P_VARA# is of type &L_TYPE# not VARA (numeric value means object does not exist)!"
:  EXIT 1
:ENDIF

! If the VARA should be cleared before the load, do this here. There is still a small risk that the load
! fails and the VARA remains empty.
:IF &P_CLEARVARA# EQ "Yes"
:  PRINT "* VARA &P_VARA# cleared."
:  DELETE_VAR &P_VARA#
:ENDIF

:DEFINE &L_VARALINE#, string, 7

! Set the handle to the file and process it line-by-line
:SET &L_LINECOUNT# = 0
:SET &L_HND# = PREP_PROCESS_FILE(&P_AGENT#,"&P_FILE#",,"COL=DELIMITER,DELIMITER=*&P_DELIMITER#*","UC_LOGIN=&P_LOGIN#")
:PROCESS &L_HND#
:  SET &L_SKIP# = "N"
:  SET &L_LINECOUNT# = ADD(&L_LINECOUNT#, 1)

!  Get the line directly into the array structure
:  FILL &L_VARALINE#[] = GET_PROCESS_LINE(&L_HND#)

!  Skip header if requested & line is 1
:  IF &L_LINECOUNT# EQ 1
:    IF &P_SKIP_HEADER# EQ "Yes"
:      SET &L_SKIP# = "Y"
:    ENDIF
:  ENDIF

!  If it is not an empty line, proceed
:  IF &L_VARALINE#[1] EQ ""
:      SET &L_SKIP# = "Y"
:  ENDIF

!  If there was no condition to skip the load, PUT the array into the VARA
:  IF &L_SKIP# NE "Y"
:    PUT_VAR &P_VARA#, &L_VARALINE#[1], &L_VARALINE#[2], &L_VARALINE#[3], &L_VARALINE#[4], &L_VARALINE#[5], &L_VARALINE#[6]
:  ENDIF
:ENDPROCESS

:SET &L_LINECOUNT# = FORMAT(&L_LINECOUNT#)
:PRINT "* Processed &L_LINECOUNT# lines."]]></MSCRI>
</SCRIPT>
<DOCU_Docu state="1" type="text">
<DOC/>
</DOCU_Docu>
<DOCU_BJB_Docu- state="1" type="xml">
<DOC/>
</DOCU_BJB_Docu->
</SCRI>
<SCRI client="0000" name="CSV2VARA#SCRI_SENDTO" system="UC4">
<XHEADER state="1">
<Title>CSV2VARA for UC_SENDTO registration</Title>
<Created>Joel Wiesmann on: 2016-09-04 16:51:15</Created>
<Modified>Joel Wiesmann on: 2016-09-04 17:15:24      23 x</Modified>
<LastUsed>Joel Wiesmann on: 2016-09-04 17:06:31      16 x</LastUsed>
<ArchiveKey1/>
<ArchiveKey2/>
<ExtRepDef>1</ExtRepDef>
<ExtRepAll>0</ExtRepAll>
<ExtRepNone>0</ExtRepNone>
<Active>1</Active>
<OH_SubType/>
</XHEADER>
<SYNCREF state="1">
<Syncs/>
</SYNCREF>
<ATTR_SCRI state="1">
<Queue>CLIENT_QUEUE</Queue>
<StartType/>
<IntAccount/>
<ActAtRun>1</ActAtRun>
<UC4Priority>0</UC4Priority>
<MaxParallel2>0</MaxParallel2>
<MpElse1>1</MpElse1>
<MpElse2>0</MpElse2>
<TZ/>
</ATTR_SCRI>
<RUNTIME state="1">
<MaxRetCode>0</MaxRetCode>
<MrcExecute/>
<MrcElseE>0</MrcElseE>
<FcstStatus>0| </FcstStatus>
<Ert>1</Ert>
<ErtMethodDef>1</ErtMethodDef>
<ErtMethodFix>0</ErtMethodFix>
<ErtFix>0</ErtFix>
<ErtDynMethod>2|Average</ErtDynMethod>
<ErtMethodDyn>0</ErtMethodDyn>
<ErtCnt>0</ErtCnt>
<ErtCorr>0</ErtCorr>
<ErtIgn>0</ErtIgn>
<ErtIgnFlg>0</ErtIgnFlg>
<ErtMinCnt>0</ErtMinCnt>
<MrtMethodNone>1</MrtMethodNone>
<MrtMethodFix>0</MrtMethodFix>
<MrtFix>0</MrtFix>
<MrtMethodErt>0</MrtMethodErt>
<MrtErt>0</MrtErt>
<MrtMethodDate>0</MrtMethodDate>
<MrtDays>0</MrtDays>
<MrtTime>00:00</MrtTime>
<MrtTZ/>
<SrtMethodNone>1</SrtMethodNone>
<SrtMethodFix>0</SrtMethodFix>
<SrtFix>0</SrtFix>
<SrtMethodErt>0</SrtMethodErt>
<SrtErt>0</SrtErt>
<MrtCancel>0</MrtCancel>
<MrtExecute>0</MrtExecute>
<MrtExecuteObj/>
</RUNTIME>
<DYNVALUES state="1">
<dyntree>
<node content="1" id="VALUE" name="Variables" parent="" type="VALUE">
<VALUE state="1">
<Values/>
<Mode>0</Mode>
</VALUE>
</node>
</dyntree>
</DYNVALUES>
<ROLLBACK state="1" tidy="1">
<RollbackFlag>0</RollbackFlag>
<CBackupObj/>
<CRollbackObj/>
<FBackupPath/>
<FDeleteBefore>0</FDeleteBefore>
<FInclSubDirs>0</FInclSubDirs>
</ROLLBACK>
<SCRIPT mode="1" state="1" tidy="0">
<MSCRI><![CDATA[! CSV2VARA SENDTO 1.0 by Joel Wiesmann
! Distribution via https://marketplace.automic.com

! If you have default values in the promptset you can set the interactive mode to off
:SET &L_INTERACTIVE# = "Y"

! Forward the currently selected object to the CSV2VARA SCRI
:READ &NAME#,,

:PRINT "* Read &NAME# from sendto selection"

:PUT_PROMPT_BUFFER P_VARA# = &NAME#
:IF &L_INTERACTIVE# EQ "Y"
:  SET &L_PROMPTS# = "ENABLE_PROMPTS"
:ENDIF

! Forward the object to CSV2VARA
:SET &L_RET# = ACTIVATE_UC_OBJECT('CSV2VARA#SCRI',WAIT,,,,PASS_VALUES,,,&L_PROMPTS#)

:IF &L_RET# EQ 0
:  PRINT "! There was an issue during activation of CSV2VARA."
:  EXIT 1
:ENDIF

:SET &L_STATUS# = GET_STATISTIC_DETAIL(&L_RET#,STATUS)
:IF &L_STATUS# LT 1900
:  PRINT "! Returncode of CSV2VARA is in an error state!"
:  EXIT 1
:ENDIF]]></MSCRI>
</SCRIPT>
<DOCU_Docu state="1" type="text">
<DOC/>
</DOCU_Docu>
<DOCU_BJB_Docu- state="1" type="xml">
<DOC/>
</DOCU_BJB_Docu->
</SCRI>
<PRPT client="0000" name="VARA2CSV#PRPT" system="UC4">
<HEADER state="1">
<Title>VARA2CSV promptset</Title>
<Created>Joel Wiesmann on: 2016-09-04 17:08:02</Created>
<Modified>Joel Wiesmann on: 2016-09-04 17:13:54      5 x</Modified>
<LastUsed/>
<ArchiveKey1/>
<ArchiveKey2/>
<OH_SubType/>
</HEADER>
<PROMPTDESIGNER state="1">
<DESIGNER/>
</PROMPTDESIGNER>
<PROMPTSETXUI state="1">
<XUIEDITOR><![CDATA[<dialog height="258" icon="PRPT" id="PRPTS" left="0" top="0" width="375"><readpanel fill="b" id="PRPTBOX" nl="1" scroll="v" text="VARA2CSV"><properties><entry name="text">VARA2CSV</entry><entry name="modifiable">0</entry></properties><text alt="1" enabled="1" fill="b" focus="0" id="P_AGENTs.00" inputassistance="0" len="" nl="1" regex="" separator=";" showaspassword="0" text="Agent" tooltip="" upper="1" required="0"><oninputassistant><command request="_internal" target="_view" targetaction="setAttribute" targetparam="promptname|@id"/><command request="_internal" target="_view" targetaction="setAttribute" targetparam="promptvalue|@value"/><command owner="_promptsetcontainer" owneraction="getData" request="getpromptinputassistance" target="_chainwindow"/></oninputassistant>
         
      <properties>
        <entry listparam="C,N" name="reference">UC_DATATYPE_STRING</entry>
        <entry name="text">Agent</entry>
        <entry name="multiselect">0</entry>
        <entry name="separator">;</entry>
        <entry name="len"/>
        <entry name="quotes"/>
        <entry name="id">P_AGENTs.00</entry>
        <entry name="regex"/>
        <entry name="inputassistance">0</entry>
        <entry name="enabled">0</entry>
        <entry name="required">1</entry>
        <entry name="upper">1</entry>
        <entry name="focus">0</entry>
        <entry name="showaspassword">0</entry>
        <entry name="tooltip"/>
        <entry name="modifiable">1</entry>
        <entry name="customfield"/>
      <entry name="initvalue"/>
         </properties>
    </text><text alt="1" enabled="1" fill="b" focus="0" id="P_LOGINs.00" inputassistance="0" len="" nl="1" regex="" required="0" separator=";" showaspassword="0" text="Login" tooltip="" upper="1"><oninputassistant><command request="_internal" target="_view" targetaction="setAttribute" targetparam="promptname|@id"/><command request="_internal" target="_view" targetaction="setAttribute" targetparam="promptvalue|@value"/><command owner="_promptsetcontainer" owneraction="getData" request="getpromptinputassistance" target="_chainwindow"/></oninputassistant>
         
      <properties>
        <entry listparam="C,N" name="reference">UC_DATATYPE_STRING</entry>
        <entry name="text">Login</entry>
        <entry name="multiselect">0</entry>
        <entry name="separator">;</entry>
        <entry name="len"/>
        <entry name="quotes"/>
        <entry name="id">P_LOGINs.00</entry>
        <entry name="regex"/>
        <entry name="inputassistance">0</entry>
        <entry name="enabled">0</entry>
        <entry name="required">1</entry>
        <entry name="upper">1</entry>
        <entry name="focus">0</entry>
        <entry name="showaspassword">0</entry>
        <entry name="tooltip"/>
        <entry name="modifiable">1</entry>
        <entry name="customfield"/>
      <entry name="initvalue"/>
         </properties>
    </text><text alt="1" enabled="1" fill="b" focus="0" id="P_HEADERs.00" inputassistance="0" len="" nl="1" regex="" required="0" separator=";" showaspassword="0" text="Custom header" tooltip="" upper="0"><oninputassistant><command request="_internal" target="_view" targetaction="setAttribute" targetparam="promptname|@id"/><command request="_internal" target="_view" targetaction="setAttribute" targetparam="promptvalue|@value"/><command owner="_promptsetcontainer" owneraction="getData" request="getpromptinputassistance" target="_chainwindow"/></oninputassistant>
         
      <properties>
        <entry listparam="C,N" name="reference">UC_DATATYPE_STRING</entry>
        <entry name="text">Custom header</entry>
        <entry name="multiselect">0</entry>
        <entry name="separator">;</entry>
        <entry name="len"/>
        <entry name="quotes"/>
        <entry name="id">P_HEADERs.00</entry>
        <entry name="regex"/>
        <entry name="inputassistance">0</entry>
        <entry name="enabled">0</entry>
        <entry name="required">0</entry>
        <entry name="upper">0</entry>
        <entry name="focus">0</entry>
        <entry name="showaspassword">0</entry>
        <entry name="tooltip"/>
        <entry name="modifiable">1</entry>
        <entry name="customfield"/>
      <entry name="initvalue"/>
         </properties>
    </text><text alt="1" enabled="1" fill="b" focus="0" id="P_VARAs.00" inputassistance="0" len="" nl="1" regex="" required="0" separator=";" showaspassword="0" text="VARA object" tooltip="" upper="1"><oninputassistant><command request="_internal" target="_view" targetaction="setAttribute" targetparam="promptname|@id"/><command request="_internal" target="_view" targetaction="setAttribute" targetparam="promptvalue|@value"/><command owner="_promptsetcontainer" owneraction="getData" request="getpromptinputassistance" target="_chainwindow"/></oninputassistant>
         
      <properties>
        <entry name="quotes"/>
        <entry name="customfield"/>
        <entry name="enabled">0</entry>
        <entry name="text">VARA object</entry>
        <entry name="inputassistance">0</entry>
        <entry name="len"/>
        <entry name="id">P_VARAs.00</entry>
        <entry listparam="C,N" name="reference">UC_DATATYPE_STRING</entry>
        <entry name="regex"/>
        <entry name="showaspassword">0</entry>
        <entry name="multiselect">0</entry>
        <entry name="separator">;</entry>
        <entry name="focus">0</entry>
        <entry name="required">1</entry>
        <entry name="tooltip"/>
        <entry name="initvalue"/>
        <entry name="upper">1</entry>
        <entry name="modifiable">1</entry>
      </properties>
    </text><text alt="1" enabled="1" fill="b" focus="0" id="P_FILEs.00" inputassistance="0" len="" nl="1" regex="" required="0" separator=";" showaspassword="0" text="File path / name" tooltip="" upper="0"><oninputassistant><command request="_internal" target="_view" targetaction="setAttribute" targetparam="promptname|@id"/><command request="_internal" target="_view" targetaction="setAttribute" targetparam="promptvalue|@value"/><command owner="_promptsetcontainer" owneraction="getData" request="getpromptinputassistance" target="_chainwindow"/></oninputassistant>
         
      <properties>
        <entry listparam="C,N" name="reference">UC_DATATYPE_STRING</entry>
        <entry name="text">File path / name</entry>
        <entry name="multiselect">0</entry>
        <entry name="separator">;</entry>
        <entry name="len"/>
        <entry name="quotes"/>
        <entry name="id">P_FILEs.00</entry>
        <entry name="regex"/>
        <entry name="inputassistance">0</entry>
        <entry name="enabled">0</entry>
        <entry name="required">1</entry>
        <entry name="upper">0</entry>
        <entry name="focus">0</entry>
        <entry name="showaspassword">0</entry>
        <entry name="tooltip"/>
        <entry name="modifiable">1</entry>
        <entry name="customfield"/>
      <entry name="initvalue"/>
         </properties>
    </text><text alt="1" enabled="1" fill="b" focus="0" id="P_DELIMITERs.00" inputassistance="0" len="" nl="1" regex="" required="0" separator=";" showaspassword="0" text="Delimiter" tooltip="" upper="0"><oninputassistant><command request="_internal" target="_view" targetaction="setAttribute" targetparam="promptname|@id"/><command request="_internal" target="_view" targetaction="setAttribute" targetparam="promptvalue|@value"/><command owner="_promptsetcontainer" owneraction="getData" request="getpromptinputassistance" target="_chainwindow"/></oninputassistant>
         
      <properties>
        <entry listparam="C,N" name="reference">UC_DATATYPE_STRING</entry>
        <entry name="text">Delimiter</entry>
        <entry name="multiselect">0</entry>
        <entry name="separator">;</entry>
        <entry name="len"/>
        <entry name="quotes"/>
        <entry name="id">P_DELIMITERs.00</entry>
        <entry name="regex"/>
        <entry name="inputassistance">0</entry>
        <entry name="enabled">0</entry>
        <entry name="required">0</entry>
        <entry name="upper">0</entry>
        <entry name="focus">0</entry>
        <entry name="showaspassword">0</entry>
        <entry name="tooltip"/>
        <entry name="modifiable">1</entry>
        <entry name="customfield"/>
      <entry name="initvalue"/>
         </properties>
    </text><dynradiogroup alt="1" enabled="1" fill="b" focus="" id="P_MODEs.00" nl="1" text="Mode" tooltip="" required="0">
      <properties>
        <entry listparam="C,N" name="reference">VARA2CSV#VARA</entry>
        <entry name="text">Mode</entry>
        <entry name="quotes"/>
        <entry name="id">P_MODEs.00</entry>
        <entry name="enabled">0</entry>
        <entry name="focus">0</entry>
        <entry name="tooltip"/>
        <entry name="modifiable">1</entry>
        <entry name="customfield"/>
      <entry name="initvalue"/>
         </properties>
    </dynradiogroup></readpanel></dialog>]]></XUIEDITOR>
</PROMPTSETXUI>
<PROMPTSETDATA state="1">
<DATAEDITOR><![CDATA[<PRPTS idnr="2268246" client="0000" system="UC4" ontop="1" src="oh"><PRPTBOX><P_AGENTs.00 haslist="0" msgnr="-1" msginsert="" altview="0" promptname="P_AGENT#" ReadFromTable="OPSE"></P_AGENTs.00><P_LOGINs.00 haslist="0" msgnr="-1" msginsert="" altview="0" promptname="P_LOGIN#" ReadFromTable="OPSE"></P_LOGINs.00><P_HEADERs.00 haslist="0" msgnr="-1" msginsert="" altview="0" promptname="P_HEADER#" ReadFromTable="OPSE"></P_HEADERs.00><P_VARAs.00 haslist="0" msgnr="-1" msginsert="" altview="0" promptname="P_VARA#" ReadFromTable="OPSE"></P_VARAs.00><P_FILEs.00 haslist="0" msgnr="-1" msginsert="" altview="0" promptname="P_FILE#" ReadFromTable="OPSE"></P_FILEs.00><P_DELIMITERs.00 haslist="0" msgnr="-1" msginsert="" altview="0" promptname="P_DELIMITER#" ReadFromTable="OPSE">;</P_DELIMITERs.00><P_MODEs.00 haslist="0" msgnr="-1" msginsert="" altview="0" promptname="P_MODE#" ReadFromTable="OPSE">Cancel if file exists</P_MODEs.00></PRPTBOX></PRPTS>]]></DATAEDITOR>
</PROMPTSETDATA>
<DOCU_Docu state="1" type="text">
<DOC/>
</DOCU_Docu>
</PRPT>
<SCRI client="0000" name="VARA2CSV#SCRI" system="UC4">
<XHEADER state="1">
<Title>VARA2CSV</Title>
<Created>Joel Wiesmann on: 2016-09-04 17:08:02</Created>
<Modified>Joel Wiesmann on: 2016-09-04 17:16:51      5 x</Modified>
<LastUsed>Joel Wiesmann on: 2016-09-04 17:22:37      6 x</LastUsed>
<ArchiveKey1/>
<ArchiveKey2/>
<ExtRepDef>1</ExtRepDef>
<ExtRepAll>0</ExtRepAll>
<ExtRepNone>0</ExtRepNone>
<Active>1</Active>
<OH_SubType/>
</XHEADER>
<SYNCREF state="1">
<Syncs/>
</SYNCREF>
<ATTR_SCRI state="1">
<Queue>CLIENT_QUEUE</Queue>
<StartType/>
<IntAccount/>
<ActAtRun>1</ActAtRun>
<UC4Priority>0</UC4Priority>
<MaxParallel2>0</MaxParallel2>
<MpElse1>1</MpElse1>
<MpElse2>0</MpElse2>
<TZ/>
</ATTR_SCRI>
<RUNTIME state="1">
<MaxRetCode>0</MaxRetCode>
<MrcExecute/>
<MrcElseE>0</MrcElseE>
<FcstStatus>0| </FcstStatus>
<Ert>1</Ert>
<ErtMethodDef>1</ErtMethodDef>
<ErtMethodFix>0</ErtMethodFix>
<ErtFix>0</ErtFix>
<ErtDynMethod>2|Average</ErtDynMethod>
<ErtMethodDyn>0</ErtMethodDyn>
<ErtCnt>0</ErtCnt>
<ErtCorr>0</ErtCorr>
<ErtIgn>0</ErtIgn>
<ErtIgnFlg>0</ErtIgnFlg>
<ErtMinCnt>0</ErtMinCnt>
<MrtMethodNone>1</MrtMethodNone>
<MrtMethodFix>0</MrtMethodFix>
<MrtFix>0</MrtFix>
<MrtMethodErt>0</MrtMethodErt>
<MrtErt>0</MrtErt>
<MrtMethodDate>0</MrtMethodDate>
<MrtDays>0</MrtDays>
<MrtTime>00:00</MrtTime>
<MrtTZ/>
<SrtMethodNone>1</SrtMethodNone>
<SrtMethodFix>0</SrtMethodFix>
<SrtFix>0</SrtFix>
<SrtMethodErt>0</SrtMethodErt>
<SrtErt>0</SrtErt>
<MrtCancel>0</MrtCancel>
<MrtExecute>0</MrtExecute>
<MrtExecuteObj/>
</RUNTIME>
<DYNVALUES state="1">
<dyntree>
<node content="1" id="VALUE" name="Variables" parent="" type="VALUE">
<VALUE state="1">
<Values/>
<Mode>0</Mode>
</VALUE>
</node>
<node content="1" id="VARA2CSV#PRPT" name="VARA2CSV#PRPT" parent="PRPTS" type="PROMPTSET">
<PROMPTSET client="0000" idnr="0002268246" name="VARA2CSV#PRPT" ontop="1" src="oh" system="UC4">
<PRPTBOX promptset="VARA2CSV#PRPT" prptmode="1"/>
</PROMPTSET>
</node>
</dyntree>
</DYNVALUES>
<ROLLBACK state="1" tidy="1">
<RollbackFlag>0</RollbackFlag>
<CBackupObj/>
<CRollbackObj/>
<FBackupPath/>
<FDeleteBefore>0</FDeleteBefore>
<FInclSubDirs>0</FInclSubDirs>
</ROLLBACK>
<SCRIPT mode="1" state="1" tidy="0">
<MSCRI><![CDATA[! VARA2CSV 1.0 by Joel Wiesmann
! Distribution via https://marketplace.automic.com

! This SCRI exports a VARA into a CSV file. You can set a custom
! header (top line) or delimiter. Also the behaviour if the export
! csv file already exists can be set in the promptset.
! If the filename contains [VARA] it will be replaced with the object name.

:SET &L_FILE# = STR_SUBSTITUTE(&P_FILE#, "[VARA]", &P_VARA#)

:PRINT
:PRINT "* VARA2CSV 1.0"
:PRINT "* * * * * * * * * * * * * * * * * * * * * *"
:PRINT "* Variable: &P_VARA#"
:PRINT "* Mode:     &P_MODE#"
:PRINT "* Server:   &P_AGENT#"
:PRINT "* Login:    &P_LOGIN#"
:PRINT "* File:     &L_FILE#"
:PRINT "* Header:   &P_HEADER#"
:PRINT "* Delim.:   &P_DELIMITER#"
:PRINT "* * * * * * * * * * * * * * * * * * * * * *"

! Verify VARA type and existance
:SET &L_TYPE# = GET_OBJECT_TYPE(&P_VARA#)
:IF &L_TYPE# NE "VARA"
:  PRINT "! &P_VARA# is of type &L_TYPE# not VARA (numeric value means object does not exist)!"
:  EXIT 1
:ENDIF

! Open the handle to the VARA object
:SET &L_HND_VARA# = PREP_PROCESS_VAR("&P_VARA#")

! Determine the mode
:SWITCH &P_MODE#
:  CASE "Append to file"
:    SET &L_MODE# = "APPEND"
:  CASE "Cancel if file exists"
:    SET &L_MODE# = "CANCEL"
:  CASE "Overwrite existing file"
:    SET &L_MODE# = "OVERWRITE"
:ENDSWITCH

! If we have a header, we create a separate process that we write first in the requested mode. Afterwards
! we append the VARA content.
:IF &P_HEADER# NE ""
!  Create a separate process to write the header to the file.
:  SET &L_HND_HEADER# = CREATE_PROCESS(NEW)
:  SET &L_RET# = PUT_PROCESS_LINE(&L_HND_HEADER#, &P_HEADER#)

:  SET &L_RET# = WRITE_PROCESS(&L_HND_HEADER#,"&L_FILE#","&P_AGENT#","&P_LOGIN#",&L_MODE#)
:  IF &L_RET# GT 0
:    PRINT "! File could not be written. See report for details."
:    EXIT 1
:  ENDIF

!  The mode for the "real content" when having custom header is always APPEND.
:  SET &L_RET# = WRITE_PROCESS(&L_HND_VARA#,"&L_FILE#","&P_AGENT#","&P_LOGIN#",APPEND,,,ALL,"&P_DELIMITER#")
:ELSE
:  SET &L_RET# = WRITE_PROCESS(&L_HND_VARA#,"&L_FILE#","&P_AGENT#","&P_LOGIN#",&L_MODE#,,,ALL,"&P_DELIMITER#")
:ENDIF

:IF &L_RET# GT 0
:  PRINT "! File could not be written. See report for details."
:  EXIT 1
:ENDIF]]></MSCRI>
</SCRIPT>
<DOCU_Docu state="1" type="text">
<DOC/>
</DOCU_Docu>
<DOCU_BJB_Docu- state="1" type="xml">
<DOC/>
</DOCU_BJB_Docu->
</SCRI>
<SCRI client="0000" name="VARA2CSV#SCRI_SENDTO" system="UC4">
<XHEADER state="1">
<Title>VARA2CSV for UC_SENDTO registration</Title>
<Created>Joel Wiesmann on: 2016-09-04 17:20:44</Created>
<Modified>Joel Wiesmann on: 2016-09-04 17:21:28      2 x</Modified>
<LastUsed>Joel Wiesmann on: 2016-09-04 17:22:37      1 x</LastUsed>
<ArchiveKey1/>
<ArchiveKey2/>
<ExtRepDef>1</ExtRepDef>
<ExtRepAll>0</ExtRepAll>
<ExtRepNone>0</ExtRepNone>
<Active>1</Active>
<OH_SubType/>
</XHEADER>
<SYNCREF state="1">
<Syncs/>
</SYNCREF>
<ATTR_SCRI state="1">
<Queue>CLIENT_QUEUE</Queue>
<StartType/>
<IntAccount/>
<ActAtRun>1</ActAtRun>
<UC4Priority>0</UC4Priority>
<MaxParallel2>0</MaxParallel2>
<MpElse1>1</MpElse1>
<MpElse2>0</MpElse2>
<TZ/>
</ATTR_SCRI>
<RUNTIME state="1">
<MaxRetCode>0</MaxRetCode>
<MrcExecute/>
<MrcElseE>0</MrcElseE>
<FcstStatus>0| </FcstStatus>
<Ert>50</Ert>
<ErtMethodDef>1</ErtMethodDef>
<ErtMethodFix>0</ErtMethodFix>
<ErtFix>0</ErtFix>
<ErtDynMethod>2|Average</ErtDynMethod>
<ErtMethodDyn>0</ErtMethodDyn>
<ErtCnt>0</ErtCnt>
<ErtCorr>0</ErtCorr>
<ErtIgn>0</ErtIgn>
<ErtIgnFlg>0</ErtIgnFlg>
<ErtMinCnt>0</ErtMinCnt>
<MrtMethodNone>1</MrtMethodNone>
<MrtMethodFix>0</MrtMethodFix>
<MrtFix>0</MrtFix>
<MrtMethodErt>0</MrtMethodErt>
<MrtErt>0</MrtErt>
<MrtMethodDate>0</MrtMethodDate>
<MrtDays>0</MrtDays>
<MrtTime>00:00</MrtTime>
<MrtTZ/>
<SrtMethodNone>1</SrtMethodNone>
<SrtMethodFix>0</SrtMethodFix>
<SrtFix>0</SrtFix>
<SrtMethodErt>0</SrtMethodErt>
<SrtErt>0</SrtErt>
<MrtCancel>0</MrtCancel>
<MrtExecute>0</MrtExecute>
<MrtExecuteObj/>
</RUNTIME>
<DYNVALUES state="1">
<dyntree>
<node content="1" id="VALUE" name="Variables" parent="" type="VALUE">
<VALUE state="1">
<Values/>
<Mode>0</Mode>
</VALUE>
</node>
</dyntree>
</DYNVALUES>
<ROLLBACK state="1" tidy="1">
<RollbackFlag>0</RollbackFlag>
<CBackupObj/>
<CRollbackObj/>
<FBackupPath/>
<FDeleteBefore>0</FDeleteBefore>
<FInclSubDirs>0</FInclSubDirs>
</ROLLBACK>
<SCRIPT mode="1" state="1" tidy="0">
<MSCRI><![CDATA[! VARA2CSV SENDTO 1.0 by Joel Wiesmann
! Distribution via https://marketplace.automic.com

! If you have default values in the promptset you can set the interactive mode to off
:SET &L_INTERACTIVE# = "Y"

! Forward the currently selected object to the VARA2CSV SCRI
:READ &NAME#,,

:PRINT "* Read &NAME# from sendto selection"

:PUT_PROMPT_BUFFER P_VARA# = &NAME#
:IF &L_INTERACTIVE# EQ "Y"
:  SET &L_PROMPTS# = "ENABLE_PROMPTS"
:ENDIF

! Forward the object to VARA2CSV
:SET &L_RET# = ACTIVATE_UC_OBJECT('VARA2CSV#SCRI',WAIT,,,,PASS_VALUES,,,&L_PROMPTS#)

:IF &L_RET# EQ 0
:  PRINT "! There was an issue during activation of VARA2CSV."
:  EXIT 1
:ENDIF

:SET &L_STATUS# = GET_STATISTIC_DETAIL(&L_RET#,STATUS)
:IF &L_STATUS# LT 1900
:  PRINT "! Returncode of VARA2CSV is in an error state!"
:  EXIT 1
:ENDIF]]></MSCRI>
</SCRIPT>
<DOCU_Docu state="1" type="text">
<DOC/>
</DOCU_Docu>
<DOCU_BJB_Docu- state="1" type="xml">
<DOC/>
</DOCU_BJB_Docu->
</SCRI>
<VARA OVD_VRName="FREI" client="0000" data_type="STATIC" name="VARA2CSV#VARA" replacementmode="2" system="UC4">
<HEADER state="1">
<Title>Export mode - OVERWRITE / APPEND / CANCEL</Title>
<Created>Joel Wiesmann on: 2016-09-04 17:08:02</Created>
<Modified>Joel Wiesmann on: 2016-09-04 17:08:49      1 x</Modified>
<LastUsed>Joel Wiesmann on: 2016-09-04 17:25:32      13 x</LastUsed>
<ArchiveKey1/>
<ArchiveKey2/>
<OH_SubType>STATIC</OH_SubType>
</HEADER>
<ATTR_VARA state="1">
<Type>C|Text</Type>
<lblSource>Static</lblSource>
<source>STATIC</source>
<VRName>FREI|Freely selected</VRName>
<NotFoundErr>0</NotFoundErr>
<NotFoundDef>1</NotFoundDef>
<ShareN>0</ShareN>
<ShareL>0</ShareL>
<ShareR>0</ShareR>
<MaxValue_C>1024</MaxValue_C>
<CheckMax_C>0</CheckMax_C>
<uppercase>0</uppercase>
<sortColumn>0</sortColumn>
<sortDirection>0</sortDirection>
</ATTR_VARA>
<VARA state="1">
<Variables>
<row Name="Append to file" Value="Append to file" Value1=" " Value2=" " Value3=" " Value4=" "/>
<row Name="Cancel if file exists" Value="Cancel if file exists" Value1=" " Value2=" " Value3=" " Value4=" "/>
<row Name="Overwrite existing file" Value="Overwrite existing file" Value1=" " Value2=" " Value3=" " Value4=" "/>
</Variables>
</VARA>
<DOCU_Docu state="1" type="text">
<DOC/>
</DOCU_Docu>
</VARA>
<VARA OVD_VRName="FREI" client="0000" data_type="STATIC" name="YESNO#VARA" replacementmode="2" system="UC4">
<HEADER state="1">
<Title/>
<Created>Joel Wiesmann on: 2016-09-04 17:27:45</Created>
<Modified>Joel Wiesmann on: 2016-09-04 17:28:05      2 x</Modified>
<LastUsed/>
<ArchiveKey1/>
<ArchiveKey2/>
<OH_SubType>STATIC</OH_SubType>
</HEADER>
<ATTR_VARA state="1">
<Type>C|Text</Type>
<lblSource>Static</lblSource>
<source>STATIC</source>
<VRName>FREI|Freely selected</VRName>
<NotFoundErr>0</NotFoundErr>
<NotFoundDef>1</NotFoundDef>
<ShareN>0</ShareN>
<ShareL>0</ShareL>
<ShareR>0</ShareR>
<MaxValue_C>1024</MaxValue_C>
<CheckMax_C>0</CheckMax_C>
<uppercase>0</uppercase>
<sortColumn>0</sortColumn>
<sortDirection>0</sortDirection>
</ATTR_VARA>
<VARA state="1">
<Variables>
<row Name="No" Value="No" Value1=" " Value2=" " Value3=" " Value4=" "/>
<row Name="Yes" Value="Yes" Value1=" " Value2=" " Value3=" " Value4=" "/>
</Variables>
</VARA>
<DOCU_Docu state="1" type="text">
<DOC/>
</DOCU_Docu>
</VARA>
</uc-export>
